date,fii_fut_long,fii_fut_short,fii_opt_long,fii_opt_short,fii_net_long,fii_total_oi
2022-01-04,60321,88780,127093,88020,0,493500
2022-01-05,52041,73540,117226,78155,1491,607772
2022-01-06,57847,82127,152127,139119,1003,437158
2022-01-07,97895,49520,194650,151051,2894,484607
2022-01-10,101014,90420,171369,106777,7319,781783
2022-01-11,86123,92390,157362,89710,6252,645017
2022-01-12,85264,69591,106417,178714,5238,733840
2022-01-13,92967,80027,98693,94532,9715,723654
2022-01-14,70300,89772,159674,88601,11532,520076
2022-01-17,105267,58289,195598,133227,9547,458692
2022-01-18,81636,75826,199028,74967,10697,530841
2022-01-19,77928,68704,133161,154289,8771,592816
2022-01-20,82879,54252,82169,90022,6933,677954
2022-01-21,59659,65688,164092,113463,7311,798342
2022-01-24,59519,44613,102052,144671,1204,561081
2022-01-25,90935,45324,151849,75722,-4034,511718
2022-01-27,59657,52276,153851,97413,-5518,753076
2022-01-28,88439,96437,88036,162772,-8282,400192
2022-01-31,69192,74401,111778,151050,-6925,647536
2022-02-01,78765,97592,107734,179432,-9301,436413
2022-02-02,77505,74695,103173,172748,-13070,543888
2022-02-03,75802,63609,110403,175922,-8018,439082
2022-02-04,94249,73603,146321,155867,-8296,727192
2022-02-07,72535,69655,151675,153596,-7679,523130
2022-02-08,89892,56855,86344,136732,-11572,450940
2022-02-09,86429,84668,98800,82297,-12626,563202
2022-02-10,94844,62462,105372,138323,-11660,440142
2022-02-11,111371,85509,141516,93816,-14529,436468
2022-02-14,99306,85188,100538,110695,-12678,541727
2022-02-15,74597,61451,143918,89702,-13850,578969
2022-02-16,65587,57096,94973,95242,-14028,791192
2022-02-17,78245,94170,151155,125841,-15132,636187
2022-02-18,88573,71809,180240,137712,-8819,442056
2022-02-21,60990,51327,139500,155663,-8419,451831
2022-02-22,85990,100915,116575,177096,-11171,721335
2022-02-23,87988,51035,185455,162764,-8146,649664
2022-02-24,78114,86153,122261,123574,-11402,784092
2022-02-25,98758,99396,190659,155744,-10212,508117
2022-02-28,70907,67536,107716,98482,-15577,676815
2022-03-02,72538,65894,83236,79171,-18781,689192
2022-03-03,103663,63322,95848,170755,-17253,688107
2022-03-04,88951,69340,82352,168932,-14176,443954
2022-03-07,97376,58008,81932,178125,-12955,633192
2022-03-08,84399,87266,156449,176082,-12658,757574
2022-03-09,75247,56042,88556,73696,-12927,400717
2022-03-10,107668,82184,166836,90058,-16713,673820
2022-03-11,108005,107870,85498,90313,-18035,797650
2022-03-14,103249,99213,156118,89149,-18515,580882
2022-03-15,78022,85176,130098,123521,-14415,518696
2022-03-16,92177,67978,144386,115740,-12665,792974
2022-03-17,85367,88513,192169,176611,-17318,404994
2022-03-21,70057,81830,89569,74956,-15477,666378
2022-03-22,111726,77164,196127,145731,-15860,469300
2022-03-23,73937,63632,136882,152612,-17096,706093
2022-03-24,111919,98737,150393,136641,-14407,437405
2022-03-25,82894,73083,80340,133811,-10594,697016
2022-03-28,66528,57002,123949,122160,-7271,704359
2022-03-29,86519,67812,162302,121313,-9424,423185
2022-03-30,103527,70586,142443,133232,-9880,574514
2022-03-31,95002,89767,171668,85417,-8391,703297
2022-04-01,95373,81725,154027,94729,-5045,739679
2022-04-04,89167,84693,80138,100099,-6228,533653
2022-04-05,91084,47022,80358,168134,-6470,451717
2022-04-06,101926,70274,199619,99961,-9467,402763
2022-04-07,75067,76650,155250,82602,-12583,755054
2022-04-08,83989,50477,165376,79256,-9518,455480
2022-04-11,66032,57963,179931,156120,-4972,569831
2022-04-12,104324,82955,110654,104681,-4940,607139
2022-04-13,98887,48539,105879,161328,-1684,518094
2022-04-18,52487,67281,161532,157440,-515,556379
2022-04-19,87706,53188,135778,134789,-2427,627443
2022-04-20,97486,41830,117772,113361,-1224,411064
2022-04-21,62481,55512,138478,134503,3452,476848
2022-04-22,81572,91968,144353,104540,3174,437548
2022-04-25,103482,87784,106762,96536,7708,568017
2022-04-26,52235,88517,93283,154700,-538,668620
2022-04-27,86827,66349,143922,133043,1956,752245
2022-04-28,66985,47605,119420,148532,2118,402382
2022-04-29,97336,68515,135568,126575,1117,576348
2022-05-02,99888,64054,165090,72871,1335,479698
2022-05-04,101907,86912,100219,116002,-4694,645762
2022-05-05,78832,50026,137169,119812,-5122,643381
2022-05-06,96896,68206,180455,92626,-3794,445095
2022-05-09,93053,48328,154965,129979,826,792118
2022-05-10,66725,57004,126840,146057,-770,689341
2022-05-11,94604,80026,124695,178946,-3158,789763
2022-05-12,56356,68307,185209,136668,-4506,422010
2022-05-13,81351,60332,164754,169003,-1538,750067
2022-05-16,61975,60199,157988,150070,-475,533962
2022-05-17,58068,65012,138342,159390,-2040,792670
2022-05-18,54242,79645,194516,112998,-394,509162
2022-05-19,84898,84687,98951,133814,-83,783071
2022-05-20,69816,90589,81307,174601,2822,670170
2022-05-23,86817,79924,160388,115607,579,727069
2022-05-24,53700,56203,170768,77812,-432,468842
2022-05-25,67352,75995,115428,131844,-1588,695809
2022-05-26,82875,67780,188707,140093,-5900,671421
2022-05-27,94251,57449,172021,72179,-4715,573311
2022-05-30,69632,85738,198418,113798,-3695,710152
2022-05-31,84786,45413,155774,144601,-3492,676827
2022-06-01,98320,89110,118975,78275,-4022,531742
2022-06-02,88860,71141,197850,120574,-8067,620283
2022-06-03,70573,80785,81140,117857,-8925,548961
2022-06-06,60727,82475,104842,171484,-9507,575607
2022-06-07,104943,96194,106421,90700,-11439,740686
2022-06-08,62415,83185,81708,109464,-11352,716463
2022-06-09,103308,80269,83630,112351,-9573,645144
2022-06-10,79881,46767,99595,163330,-3434,754211
2022-06-13,99695,68662,156021,164319,-2741,552711
2022-06-14,91775,49344,108308,152534,-1836,595784
2022-06-15,101864,78839,124789,83869,-1967,652217
2022-06-16,75161,73237,135690,130315,-7626,731119
2022-06-17,95687,81339,106086,163688,-7327,563244
2022-06-20,76877,48864,96859,90954,-6781,501158
2022-06-21,74941,45187,87684,101555,948,673721
2022-06-22,81701,76142,171088,133353,326,739443
2022-06-23,94896,44816,81207,152190,1212,682320
2022-06-24,100253,44612,126099,115026,1049,463972
2022-06-27,90921,43113,147496,170772,-2507,782162
2022-06-28,71935,88872,146093,116976,1047,682140
2022-06-29,74318,80126,109689,150578,3250,500922
2022-06-30,92340,63123,128651,161502,5460,748742
2022-07-01,64398,57286,93893,179850,2459,435931
2022-07-04,62068,64029,177808,115095,6544,524168
2022-07-05,69743,80745,146418,84270,2012,566782
2022-07-06,68034,76740,183065,100908,3672,523099
2022-07-07,74877,59321,140011,85523,10061,434693
2022-07-08,68268,55293,118635,132433,6588,508944
2022-07-11,56665,49480,136115,117068,4560,624655
2022-07-12,55525,77646,175071,89991,4631,607574
2022-07-13,102274,81106,158405,80775,2888,679518
2022-07-14,73297,55161,152702,147801,-1908,647572
2022-07-15,70824,42655,158518,154995,-1608,743615
2022-07-18,88695,48822,186233,131250,-4713,445913
2022-07-19,63967,91447,183651,86673,-3054,785827
2022-07-20,103157,60432,152805,97056,-5659,597097
2022-07-21,90042,79186,138954,76614,-725,706660
2022-07-22,57508,74271,108064,171556,-3038,487796
2022-07-25,74730,62948,159063,77415,-3851,688213
2022-07-26,95174,51503,82454,158691,-1219,780477
2022-07-27,102088,50921,100878,113884,-4852,484811
2022-07-28,77295,74676,131098,86964,-3925,590121
2022-07-29,80865,78926,142154,107726,194,632892
2022-08-01,62987,76830,92991,107044,-4635,780172
2022-08-02,103406,70363,148344,127149,-3848,439178
2022-08-03,64459,44973,184946,107544,-2876,694965
2022-08-04,97523,88810,116593,119976,-386,416999
2022-08-05,86560,84013,116304,102252,-4078,700856
2022-08-08,88222,62476,110386,73832,-7835,595623
2022-08-10,81511,94875,135220,160811,-5876,571244
2022-08-11,66225,74785,193613,150437,-4691,695866
2022-08-12,62531,72825,149338,173749,-3704,672769
2022-08-16,63504,79883,174289,104148,-2479,598237
2022-08-17,63716,84983,101083,131240,-4394,406859
2022-08-18,92456,76301,98354,178169,-3477,510986
2022-08-19,69930,48828,102190,158454,-2424,632654
2022-08-22,57339,61360,86142,155076,-4447,683983
2022-08-23,99824,87774,108398,147116,1369,689360
2022-08-24,96912,53954,131971,123459,2723,715097
2022-08-25,97373,59594,121862,108402,-986,449522
2022-08-26,100777,62635,178668,127727,1032,630233
2022-08-29,60638,63913,133410,108578,-1943,798102
2022-08-30,70325,71159,99503,160453,512,773393
2022-09-01,91878,91120,128456,92318,3967,407485
2022-09-02,86105,53339,180167,145715,1304,643056
2022-09-05,61824,50204,162035,147787,4129,512701
2022-09-06,95954,55036,185388,155029,5162,607352
2022-09-07,68592,91716,88016,90466,7370,502638
2022-09-08,73883,84982,82384,165742,12692,584514
2022-09-09,88171,65618,142320,115475,11322,674370
2022-09-12,88142,89293,95072,130142,8495,493405
2022-09-13,84407,88471,182239,155160,5403,684732
2022-09-14,57261,85012,191431,96564,2686,610048
2022-09-15,96193,88266,160018,92412,2320,562781
2022-09-16,66507,55839,120510,163526,3227,437019
2022-09-19,60368,81644,128933,121001,3892,661497
2022-09-20,100617,69207,101826,127649,6180,465133
2022-09-21,103694,88012,148026,130957,5912,776588
2022-09-22,103082,86400,191628,105517,9976,597530
2022-09-23,99158,87505,105518,83156,8682,779747
2022-09-26,99168,89214,104045,93064,16406,558598
2022-09-27,95003,66331,130876,95711,17460,528585
2022-09-28,68365,81267,172446,100106,14015,645172
2022-09-29,80523,99334,170102,135458,10101,705539
2022-09-30,79677,97912,131919,86589,11043,525814
2022-10-03,72810,51981,179441,159272,9823,774743
2022-10-04,97643,59712,107103,156511,11472,425939
2022-10-06,87115,58908,198805,171754,12321,553939
2022-10-07,65539,87786,116188,77214,11487,662347
2022-10-10,69381,89261,85845,166117,8372,691207
2022-10-11,87571,54084,166698,155731,3408,490880
2022-10-12,55703,67189,116674,97127,1896,403748
2022-10-13,96932,86407,198325,75141,4372,636094
2022-10-14,79552,81435,99337,98884,4794,779413
2022-10-17,74848,67931,102313,160421,819,742908
2022-10-18,80919,70816,106943,72708,1299,551956
2022-10-19,93625,67809,157949,88375,2391,556255
2022-10-20,67769,55256,80276,85088,-379,770180
2022-10-21,84002,68352,131151,127615,101,550331
2022-10-24,78557,74715,97611,115046,270,567031
2022-10-25,66521,86836,184641,80014,-3170,778669
2022-10-27,95870,73753,91944,134425,-1938,747823
2022-10-28,90030,78214,132887,73273,-158,525829
2022-10-31,86021,51102,161442,117135,3098,528216
2022-11-01,98636,69184,129847,172842,6106,795319
2022-11-02,95034,42136,138653,100881,1669,465901
2022-11-03,86645,53561,166072,167022,-1227,643386
2022-11-04,92229,76701,136622,148077,378,575607
2022-11-07,86775,91491,107810,78712,1901,498046
2022-11-09,87359,48311,157842,144704,3352,752156
2022-11-10,95673,74817,90503,122874,14742,478278
2022-11-11,103352,95720,164761,139087,15716,674535
2022-11-14,76270,68542,116976,82297,18340,502476
2022-11-15,114328,88039,91590,179269,20285,782865
2022-11-16,114817,97879,90886,97128,21225,497537
2022-11-17,70681,90018,92866,138368,19218,743303
2022-11-18,111825,69935,146624,164019,20534,793184
2022-11-21,73632,74957,148899,157599,17188,581429
2022-11-22,82373,94807,112792,158499,15617,617980
2022-11-23,100556,81092,89764,148958,13381,697647
2022-11-24,70996,53219,166156,102920,12958,475403
2022-11-25,110154,97305,122727,81156,19255,464286
2022-11-28,104298,54457,158471,81108,12691,736986
2022-11-29,89489,91402,88068,101845,14116,504927
2022-11-30,58891,58696,196923,72800,8572,677052
2022-12-01,71081,94633,87295,173614,6729,699372
2022-12-02,90506,68057,121160,112712,9660,423386
2022-12-05,108428,65715,91390,72610,9369,577826
2022-12-06,87258,53111,186752,147603,5667,690446
2022-12-07,66227,58517,100131,103872,3237,722959
2022-12-08,86814,88946,174754,80728,5113,652156
2022-12-09,79666,92484,155969,165102,2667,725488
2022-12-12,92174,61598,95038,165319,3182,773747
2022-12-13,58509,65590,132327,90583,3160,723258
2022-12-14,89099,77151,173718,155774,1048,648724
2022-12-15,84491,91737,157064,77263,7428,601202
2022-12-16,107106,78608,101281,137450,8956,425525
2022-12-19,69525,62008,134189,159285,2432,479818
2022-12-20,84502,63502,128511,89456,2871,514589
2022-12-21,97343,75522,88605,161118,741,545406
2022-12-22,58386,43421,180318,135942,3260,494715
2022-12-23,97580,71698,81381,83689,719,593839
2022-12-26,84730,58111,146634,102934,336,668788
2022-12-27,55228,81546,99810,103276,1836,763298
2022-12-28,69391,48992,198343,171968,4342,657438
2022-12-29,85933,69934,104322,89873,524,705613
2022-12-30,53871,64553,121869,83050,-504,768753
2023-01-02,81013,74021,112955,136216,-1904,727350
2023-01-03,71062,47011,141388,154444,-3768,758606
2023-01-04,82762,70715,190252,154040,1716,567679
2023-01-05,55131,70918,90207,91644,2843,483178
2023-01-06,94658,69114,167329,132021,-1081,575458
2023-01-09,100399,71899,147628,107125,1725,654466
2023-01-10,106451,81830,108220,136899,8007,486724
2023-01-11,98185,90952,164050,112291,10702,629204
2023-01-12,62113,59100,183546,105060,5609,496393
2023-01-13,91789,85128,154085,71538,3876,789458
2023-01-16,58713,72396,102031,106176,7483,476312
2023-01-17,56092,48838,150721,111520,4986,737468
2023-01-18,72250,48997,160807,95675,6069,471196
2023-01-19,82523,64802,151312,88287,8090,470014
2023-01-20,93425,84149,139766,70174,4905,541994
2023-01-23,88645,79864,92449,162268,4480,433340
2023-01-24,77761,84897,169833,104998,-5466,701994
2023-01-25,71947,74129,136699,172591,-8266,513711
2023-01-27,108468,70622,186127,123312,-8612,615250
2023-01-30,83236,59300,161253,82112,-11927,411094
2023-01-31,79003,62843,185659,175410,-6433,750103
2023-02-01,68583,72103,184769,145225,-10402,667885
2023-02-02,100943,55632,191041,114814,-11202,511585
2023-02-03,94934,61281,196185,155091,-10250,784708
2023-02-06,66450,75323,126092,120719,-5412,468798
2023-02-07,63568,86232,143671,103919,-9449,778170
2023-02-08,89513,95405,90350,143155,-5488,601604
2023-02-09,87907,91837,176158,141569,-5181,510130
2023-02-10,71529,79995,180859,111328,-7867,684308
2023-02-13,103630,67150,148487,140482,-6087,566667
2023-02-14,62739,76995,97622,94618,-5186,430257
2023-02-15,78343,86009,150263,104675,-6726,758133
2023-02-16,103361,52097,133117,171794,-6180,798448
2023-02-17,78013,67522,183990,88919,-7027,452691
2023-02-20,88262,88326,138394,74173,-6335,479768
2023-02-21,73913,63225,182005,179369,-4033,414026
2023-02-22,64636,69519,181084,96400,925,625162
2023-02-23,102034,72224,103782,120445,-2836,693052
2023-02-24,74171,52928,196276,140305,3704,419610
2023-02-27,97042,60449,108454,107564,-2337,577718
2023-02-28,64174,59402,147904,115814,-2676,725329
2023-03-01,61433,42088,95592,149747,-778,734711
2023-03-02,51661,41314,102173,158791,104,578646
2023-03-03,84353,83354,113204,97962,-1769,622123
2023-03-06,70729,55956,115596,154892,-2303,698326
2023-03-08,96884,69570,114324,155842,-3666,778280
2023-03-09,78911,60186,191668,140533,-5250,793786
2023-03-10,100850,89474,141202,126184,-2440,419288
2023-03-13,60525,54213,169400,152912,-1249,740968
2023-03-14,96698,64750,193365,176416,-3267,484425
2023-03-15,89236,84042,110750,173591,-406,400917
2023-03-16,89081,82631,156112,80578,535,737746
2023-03-17,95186,52252,96566,88624,2947,726719
2023-03-20,92740,84821,87190,109194,4689,734662
2023-03-21,83278,64876,168607,179903,1967,653187
2023-03-22,56751,64337,118333,70389,189,439104
2023-03-23,54048,49096,160905,169303,2422,549134
2023-03-24,100173,48161,169571,137391,4131,679143
2023-03-27,84693,80258,81589,176429,3861,662091
2023-03-28,93847,68843,105235,83794,4020,461169
2023-03-29,81728,69494,80159,128002,7652,554542
2023-03-31,61361,81971,92145,105531,5495,529744
2023-04-03,63124,85140,160909,122815,6864,772828
2023-04-05,90193,53860,111921,74986,5915,459821
2023-04-06,76483,75479,184859,102298,4967,617741
2023-04-10,68042,54783,96237,71481,8016,649265
2023-04-11,84671,87660,187507,126408,10091,797745
2023-04-12,65239,84876,88244,139267,12028,614127
2023-04-13,94442,103175,94743,86835,15344,674336
2023-04-17,78090,58088,177102,97798,14640,736246
2023-04-18,105831,58805,126101,161649,15953,603834
2023-04-19,79742,68333,191645,134887,14224,634538
2023-04-20,87246,67570,164227,89477,14485,777038
2023-04-21,63951,65719,179532,87266,13370,486795
2023-04-24,66615,98305,136378,156328,12993,565159
2023-04-25,83754,66607,151126,155988,14129,728821
2023-04-26,84965,64566,136071,113526,10968,535699
2023-04-27,96699,94667,151121,176870,16698,643877
2023-04-28,77429,75332,154763,81889,12845,599298
2023-05-02,93311,87397,173814,94335,8562,796471
2023-05-03,104615,54877,184350,81254,11609,588505
2023-05-04,102395,77781,92237,156610,13403,536285
2023-05-05,66587,56287,95649,81442,14606,502412
2023-05-08,89785,58892,117713,116289,15760,419404
2023-05-09,70183,100258,153463,123747,14936,516545
2023-05-10,73600,58460,125409,107327,11498,622128
2023-05-11,110484,77772,128766,86199,11151,550245
2023-05-12,65686,69116,126154,142827,8562,584099
2023-05-15,86003,68426,87016,176464,11059,686133
2023-05-16,90973,95057,159563,70112,10065,661657
2023-05-17,92208,48176,128688,157051,7085,770250
2023-05-18,83748,78955,169678,89581,5765,686663
2023-05-19,57204,94885,192056,129722,6716,656875
2023-05-22,71012,72698,134238,162036,4689,684583
2023-05-23,77875,88830,138608,167562,1989,780714
2023-05-24,57014,45234,169081,86523,2621,414995
2023-05-25,70755,64164,196572,136960,3224,423559
2023-05-26,53203,54550,111897,89552,1542,751193
2023-05-29,53982,76595,130961,80808,54,798237
2023-05-30,70594,89813,148703,174347,748,498000
2023-05-31,60268,56459,124757,142525,-3633,552191
2023-06-01,86051,80383,106917,93620,-7674,701494
2023-06-02,93919,59351,102736,174565,-9446,425517
2023-06-05,99643,77880,107990,70887,-9614,615558
2023-06-06,68207,71396,142551,101802,-8200,751276
2023-06-07,61738,91964,138161,155024,-3364,721690
2023-06-08,55850,71048,159623,165549,-621,505686
2023-06-09,82892,58546,102440,151938,-1071,488151
2023-06-12,86399,46780,115205,156741,-1075,665471
2023-06-13,55608,51591,160811,96049,-4028,520318
2023-06-14,100692,55147,135103,147789,-3882,595490
2023-06-15,57152,57102,150812,154526,-4553,573860
2023-06-16,80423,85889,121627,77846,-3358,515945
2023-06-19,91124,73732,186122,160563,-5671,613456
2023-06-20,97378,69999,183032,174736,-3830,708974
2023-06-21,86664,46698,99008,116220,960,452446
2023-06-22,90672,83593,151274,116163,586,587655
2023-06-23,68733,77902,112402,73765,1761,540148
2023-06-26,94484,47126,133384,151486,3742,469341
2023-06-27,56358,77744,85793,115270,2352,431085
2023-06-28,97648,70084,182827,145277,2907,717715
2023-06-30,80181,46887,85571,158278,2801,790452
2023-07-03,93821,65871,176867,160239,2956,405750
2023-07-04,73106,64725,96209,174245,490,776075
2023-07-05,82718,48828,193550,173159,539,740912
2023-07-06,78327,89291,170930,92931,2007,435903
2023-07-07,92840,88759,123148,159116,6260,603561
2023-07-10,62905,82275,171218,125633,8824,491036
2023-07-11,67860,77957,82224,150702,14842,487954
2023-07-12,74154,72387,186693,121913,11799,745158
2023-07-13,71803,86374,128695,164776,13825,517305
2023-07-14,107274,80956,189988,95991,13684,600753
2023-07-17,80531,62684,188944,124845,19571,432101
2023-07-18,114962,81794,112441,174092,16168,402775
2023-07-19,79686,93161,186966,168505,12841,511497
2023-07-20,69507,73363,119129,125312,10401,445619
2023-07-21,92996,46109,180252,80561,3511,652388
2023-07-24,84692,81070,142368,86901,1756,633346
2023-07-25,75518,50677,190395,176041,-609,719268
2023-07-26,77895,53058,172122,165556,-127,465149
2023-07-27,86865,49140,124760,132875,904,426616
2023-07-28,67910,62998,103478,95917,6487,621767
2023-07-31,108830,86851,151854,132120,9014,585639
2023-08-01,105573,72802,174230,71988,6833,568171
2023-08-02,86312,54040,165716,84256,3796,606903
2023-08-03,65057,88972,92180,157728,5080,631318
2023-08-04,84876,84844,178538,98230,864,723943
2023-08-07,59927,89846,95372,175466,6317,752365
2023-08-08,61072,61480,109796,129778,9540,777023
2023-08-09,70539,70217,138272,115833,7655,687623
2023-08-10,75264,91383,198295,92625,2133,761309
2023-08-11,99501,84688,169963,102088,6088,455863
2023-08-14,91797,46797,178826,149650,5439,573115
2023-08-16,96015,52140,173635,111167,8880,744713
2023-08-17,74928,66850,191022,173937,3653,653347
2023-08-18,68968,87133,134040,141291,1672,589052
2023-08-21,70155,68538,155357,135303,1603,678495
2023-08-22,101047,66555,151368,146361,1665,535203
2023-08-23,52237,45505,158356,158229,231,647908
2023-08-24,95440,74928,96211,74117,2089,706969
2023-08-25,80152,82323,185426,160265,-1218,673493
2023-08-28,73516,60606,85842,167718,-1585,592003
2023-08-29,87408,79925,143115,130710,-1145,706398
2023-08-30,74788,88679,146852,164426,455,700369
2023-08-31,96238,52755,125968,164876,2567,674597
2023-09-01,95970,67101,97508,137054,-935,549886
2023-09-04,76575,59846,102005,100949,-5489,549335
2023-09-05,65222,81024,134575,92547,-1381,477694
2023-09-06,79932,69194,160742,151882,-314,415735
2023-09-07,98162,74273,98971,138136,-2544,710037
2023-09-08,62770,82132,105599,134619,2237,575745
2023-09-11,83621,62271,167592,131842,2473,789150
2023-09-12,87466,91643,146914,164803,5888,620534
2023-09-13,92452,72448,198062,171858,5796,445066
2023-09-14,68268,59587,147055,96990,11689,631387
2023-09-15,102162,91166,167697,86193,16371,534445
2023-09-18,110258,94469,186239,100109,14806,672836
2023-09-20,75964,72818,184397,89233,16980,445541
2023-09-21,79943,100924,85355,151730,18065,565129
2023-09-22,119837,106574,134120,104510,21267,466983
2023-09-25,76357,71153,154619,71306,17308,550655
2023-09-26,111220,107677,118342,73849,18501,553837
2023-09-27,95365,67787,165992,82360,20751,590359
2023-09-28,76799,64538,158860,164767,14438,782891
2023-09-29,103702,59376,82257,115800,10165,747247
2023-10-03,75805,88239,107364,106963,3539,610747
2023-10-04,78294,75268,104972,124330,2553,577597
2023-10-05,72539,52183,191715,121707,4578,569302
2023-10-06,88504,70873,106654,88689,8857,687710
2023-10-09,66813,79402,160769,99084,8637,735337
2023-10-10,82644,57263,161423,110387,13090,652084
2023-10-11,106767,92417,109320,144816,8296,521015
2023-10-12,65679,82952,100808,72642,2772,572257
2023-10-13,85304,67727,132389,112137,2467,646536
2023-10-16,69755,91852,175690,149832,3495,624021
2023-10-17,91896,64110,198581,125561,3222,530956
2023-10-18,59683,92345,114773,132260,-3140,470744
2023-10-19,101742,76647,131168,85438,-3251,695599
2023-10-20,79692,78736,107747,118442,-7002,716363
2023-10-23,66446,52941,156396,173061,-4644,708135
2023-10-25,56988,87410,188374,72994,-3314,473616
2023-10-26,64457,67343,187692,169575,-5969,487438
2023-10-27,83203,55326,163692,71813,-7214,516841
2023-10-30,76880,50660,137505,163027,-10029,540558
2023-10-31,101159,77703,165896,154381,-9715,569934
2023-11-01,77909,72734,98135,125276,-6364,652734
2023-11-02,71440,84972,170887,111243,-9004,458870
2023-11-03,87898,91554,176035,132912,-7041,486694
2023-11-06,93617,52249,127377,130272,-8279,637068
2023-11-07,68594,86817,103554,172700,-10242,706000
2023-11-08,68432,59421,142491,112051,-10051,501407
2023-11-09,64487,95563,135621,148854,-12654,431379
2023-11-10,100502,94635,194667,152736,-13682,726873
2023-11-13,99782,83631,138283,135618,-16592,636500
2023-11-15,83599,85380,165140,71920,-9868,454353
2023-11-16,101475,64984,96923,176121,-9267,581068
2023-11-17,101185,74460,127591,147219,-10902,676175
2023-11-20,88983,90797,142261,146872,-9715,611144
2023-11-21,102980,72530,196149,151132,-9567,465982
2023-11-22,70042,67640,134336,72093,-9750,436683
2023-11-23,63016,72131,154083,82905,-7420,514091
2023-11-24,68264,86189,140948,94351,-4777,517797
2023-11-28,58984,62890,189819,100981,-6129,406587
2023-11-29,84108,56238,113002,143903,-7550,724934
2023-11-30,104826,83596,160098,140821,-7996,693624
2023-12-01,66469,95800,196236,179200,-14501,629602
2023-12-04,74426,63353,153016,173241,-18321,551599
2023-12-05,85911,65295,106672,152289,-13301,685713
2023-12-06,104394,54798,84213,154021,-7700,673295
2023-12-07,73869,65458,90293,148513,-8061,590246
2023-12-08,81291,68446,179977,89874,-5929,444739
2023-12-11,56777,82139,135860,120931,-4698,432954
2023-12-12,62190,77330,142507,77674,4773,643935
2023-12-13,107224,78938,137134,120516,7892,509373
2023-12-14,105370,64733,82100,164574,7114,434700
2023-12-15,54140,85966,190153,130686,3893,523728
2023-12-18,98708,64682,141997,164851,-1118,728932
2023-12-19,82408,89407,108172,139212,-452,471045
2023-12-20,96094,74405,100132,72426,-2698,544972
2023-12-21,79569,53145,197861,160009,-6832,790136
2023-12-22,84209,82238,98199,138498,-8429,742203
2023-12-26,85694,67507,116609,99943,-11252,401881
2023-12-27,88970,79943,122965,136395,-5627,794846
2023-12-28,59682,46181,88016,114816,-2699,682933
2023-12-29,54086,51331,119779,74138,-2587,788227
2024-01-01,67377,84767,182797,170728,1981,488059
2024-01-02,87348,53473,111881,161176,2114,614566
2024-01-03,60668,82427,162594,145945,-575,708295
2024-01-04,87692,57985,104472,74017,4021,509388
2024-01-05,103933,77581,186882,80451,5437,598303
2024-01-08,56749,76762,180462,132956,2054,665406
2024-01-09,85009,67012,131813,163863,1379,729125
2024-01-10,73503,56581,180368,80278,-1316,783095
2024-01-11,98805,56030,116021,160480,-5398,785243
2024-01-12,61207,44009,134131,113764,-2349,481972
2024-01-15,88129,58695,104087,71134,3497,737629
2024-01-16,92777,73529,92828,132943,-871,454722
2024-01-17,98091,87775,141610,165667,860,751643
2024-01-18,85299,84697,176664,124318,-1137,581890
2024-01-19,77401,80845,81401,173423,-2542,669045
2024-01-23,85083,83613,165179,173998,-4191,517473
2024-01-24,100021,79825,95193,130128,-6576,670741
2024-01-25,84631,59115,172389,158056,-6100,791775
2024-01-29,59808,93648,124864,91869,-8289,726053
2024-01-30,103608,80597,100307,172468,-7060,734535
2024-01-31,91336,74881,182518,75039,-6859,615286
2024-02-01,91057,52781,99611,91281,-7232,725437
2024-02-02,70377,71946,123791,80442,-9593,643896
2024-02-05,93787,73861,91950,143788,-10843,556877
2024-02-06,77728,91263,156240,97586,-8035,411874
2024-02-07,88691,73462,188647,123053,-6129,624137
2024-02-08,64085,67775,157403,120489,-8755,748546
2024-02-09,90913,96861,82745,153104,-8021,676223
2024-02-12,105336,50901,135243,156346,-5365,734923
2024-02-13,62517,71234,83866,137087,-10106,495408
2024-02-14,106829,50071,112245,82625,-7970,520606
2024-02-15,79904,86554,124724,104397,-9559,520062
2024-02-16,100906,93272,151354,128671,-7369,412100
2024-02-19,98408,63291,131374,161785,-9289,719165
2024-02-20,92589,97156,194397,136897,-14239,550872
2024-02-21,105331,73020,197480,96149,-18409,790270
2024-02-22,111271,102884,110116,130030,-17345,594472
2024-02-23,85904,93396,161029,139906,-15697,754590
2024-02-26,83977,97871,173574,75283,-17626,691581
2024-02-27,98209,55729,100447,77610,-14829,634196
2024-02-28,109464,107212,110431,113326,-19072,607609
2024-02-29,106432,94652,97908,84924,-18318,551014
2024-03-01,110926,76272,109336,146162,-21035,683006
2024-03-04,93715,103406,120992,170297,-21936,673813
2024-03-05,111588,74773,135350,70869,-20697,783363
2024-03-06,78254,105881,149561,167088,-22243,584844
2024-03-07,99509,67913,197254,71014,-22284,678060
2024-03-11,68439,93335,131955,80103,-18151,673022
2024-03-12,85204,86010,141240,152522,-18975,665129
2024-03-13,83842,60346,100093,166007,-15519,604720
2024-03-14,87943,70229,86155,103458,-18135,441235
2024-03-15,100411,56258,126607,160605,-15637,681075
2024-03-18,79960,73970,113487,152409,-10532,492876
2024-03-19,89854,72483,193194,93248,-17420,400336
2024-03-20,80818,88859,135668,159160,-18941,705077
2024-03-21,84925,71124,100963,113516,-16263,707680
2024-03-22,77421,71053,130124,99061,-16057,469504
2024-03-26,67800,91300,132870,94170,-14140,499214
2024-03-27,95418,57653,136547,78024,-15246,582220
2024-03-28,97634,99368,144110,152214,-14223,513936
2024-04-01,94952,96591,133554,173792,-13978,416279
2024-04-02,82949,83165,100936,155947,-9774,599737
2024-04-03,77512,78184,196895,113803,-8522,503751
2024-04-04,100250,91699,84426,89296,-7084,766577
2024-04-05,83919,57231,168839,161829,-7965,471386
2024-04-08,82988,52978,190816,162708,-9029,486124
2024-04-09,61156,61850,107606,156664,-9874,767894
2024-04-10,75260,87926,127832,88257,-8197,739629
2024-04-12,78059,50783,108151,82855,-9050,736199
2024-04-15,77671,76870,159303,155178,-7729,491911
2024-04-16,80127,90890,91308,171121,-1118,760762
2024-04-18,78229,84334,189781,90025,1549,597742
2024-04-19,80888,66565,142522,74458,493,621094
2024-04-22,92317,47255,125671,133610,4073,776036
2024-04-23,93295,84215,170306,140843,2646,637723
2024-04-24,89506,73548,174108,177237,-3599,733272
2024-04-25,104220,52190,186984,153961,-6444,714639
2024-04-26,62644,56425,82204,119831,-11733,482806
2024-04-29,71990,97683,172769,113427,-12201,755329
2024-04-30,61913,84995,167265,163809,-11535,607605
2024-05-02,88303,87393,111131,108506,-5929,630097
2024-05-03,99553,88600,132428,75668,-4651,597478
2024-05-06,67251,73666,113870,161470,-5077,570591
2024-05-07,98687,68208,183547,117195,-2335,711793
2024-05-08,61866,70374,184918,143233,-8853,565596
2024-05-09,104425,63551,129067,94417,-7703,564957
2024-05-10,72589,66738,138585,151982,-5008,632204
2024-05-13,64264,87886,187011,176133,-9192,757546
2024-05-14,79595,75397,192217,80751,-5301,692820
2024-05-15,66859,88646,101607,116218,-4020,726237
2024-05-16,69309,67234,104968,77352,-5065,581871
2024-05-17,68276,73266,178934,149052,-2912,741558
2024-05-21,94197,75611,91908,158835,4045,755239
2024-05-22,81347,73974,106423,167493,4389,643154
2024-05-23,70480,80046,189151,98927,4915,472307
2024-05-24,83810,55165,154707,111094,3293,757576
2024-05-27,86386,66197,158257,171948,579,694067
2024-05-28,66672,48252,141215,124122,3041,779593
2024-05-29,70998,59546,135835,99493,320,635998
2024-05-30,56612,64901,129429,162247,518,709718
2024-05-31,59999,73553,162152,143539,-942,521757
2024-06-03,84598,88068,188048,101707,542,453664
2024-06-04,60592,71553,118458,138814,1520,729528
2024-06-05,80806,81728,126169,77296,4548,693171
2024-06-06,88248,68109,87659,95398,2796,566536
2024-06-07,57191,73553,140614,105842,1848,696629
2024-06-10,79543,44724,188905,83261,-1177,659438
2024-06-11,65279,55171,157240,146709,-2451,550528
2024-06-12,99343,59289,112793,165985,-1197,697698
2024-06-13,75311,64758,193688,176616,1133,709066
2024-06-14,91988,43971,126473,126704,-1688,675553
2024-06-18,78516,48006,176762,137173,1004,600399
2024-06-19,57192,58862,169388,101781,5022,622472
2024-06-20,87668,94587,177618,83652,6011,698783
2024-06-21,108911,67908,168330,75103,11341,631182
2024-06-24,88533,72554,186956,95500,8452,681836
2024-06-25,95255,54100,198452,170336,4296,489037
2024-06-26,95464,71792,135751,105529,-1253,609912
2024-06-27,64702,57332,158915,88452,3298,585272
2024-06-28,65699,55446,134254,119393,5097,624135
2024-07-01,85224,70504,87006,101174,4675,588487
2024-07-02,75833,45557,198171,134450,5282,418074
2024-07-03,93634,42024,196682,105436,1641,546621
2024-07-04,103899,59851,154218,117406,8897,692107
2024-07-05,76511,50676,145344,133059,8840,627434
2024-07-08,70570,54128,113840,85954,8727,632679
2024-07-09,99494,67411,112430,152722,10468,452265
2024-07-10,75128,91517,103091,82356,11388,416061
2024-07-11,102620,80092,112983,168499,11489,559882
2024-07-12,79730,74177,103989,72187,8543,513502
2024-07-15,92909,64206,155451,147243,9532,684944
2024-07-16,69479,101289,188088,105098,14702,778336
2024-07-18,99196,77854,98990,162471,18003,656505
2024-07-19,94472,66238,170270,91225,21884,507228
2024-07-22,98585,90107,160360,73606,19254,606548
2024-07-23,73723,61014,199469,127620,15322,690198
2024-07-24,101022,71440,116081,102828,14179,576469
2024-07-25,106776,79007,91033,96489,13637,413233
2024-07-26,77074,99948,188272,84387,16237,642277
2024-07-29,65136,75028,96241,139463,10351,556140
2024-07-30,65604,89535,85939,141832,14422,727871
2024-07-31,95325,102868,193000,165980,13227,752754
2024-08-01,91640,57860,127562,72591,11285,732597
2024-08-02,85020,61422,115063,118516,7685,504135
2024-08-05,63932,62063,180000,161683,2334,770608
2024-08-06,74228,65775,156721,132061,4683,617314
2024-08-07,84392,65220,107045,174425,4669,413682
2024-08-08,75405,85948,196634,136736,567,554455
2024-08-09,102736,79048,124769,151257,-3347,720304
2024-08-12,61007,74580,127118,131753,-4185,624404
2024-08-13,85787,56499,164703,154774,1030,685810
2024-08-14,70414,81388,181948,81087,199,720961
2024-08-16,75730,92073,101625,100816,-4320,491198
2024-08-19,90718,85898,184724,93408,-4839,441830
2024-08-20,90036,45493,107076,175276,-5415,410234
2024-08-21,112796,85054,144805,70136,-13234,457616
2024-08-22,69154,55291,124605,87413,-12734,671365
2024-08-23,67996,65671,164565,129500,-12790,542482
2024-08-26,96279,53038,168509,154514,-10062,611127
2024-08-27,82930,74201,119121,126358,-4011,592485
2024-08-28,64139,74760,145101,136197,-431,401051
2024-08-29,55186,46940,111433,170776,-1215,772673
2024-08-30,58757,63666,123309,162789,-4474,476918
2024-09-02,98179,66281,147468,162420,3470,478116
2024-09-03,63067,61927,124254,102854,3474,784370
2024-09-04,69511,49393,147293,146240,3342,628931
2024-09-05,64435,64049,176258,174523,3102,706901
2024-09-06,71291,81100,117853,160063,3541,783152
2024-09-09,56400,46479,118405,86322,2929,608547
2024-09-10,77015,45071,146652,76968,1062,626572
2024-09-11,54011,58369,123527,97518,-630,531379
2024-09-12,90715,87784,157227,121925,-697,456889
2024-09-13,63976,75719,80492,129848,-2290,626256
2024-09-16,81315,78248,173418,163422,-4314,698088
2024-09-17,97783,61875,88811,71700,-3779,761699
2024-09-18,86899,74038,173344,163782,-4355,438134
2024-09-19,77022,40880,104272,171004,374,602834
2024-09-20,73813,79401,173935,93199,-7597,627579
2024-09-23,70590,89604,152010,114589,-3940,425954
2024-09-24,83478,70633,172492,102115,-4,586093
2024-09-25,105931,89909,127153,131934,-6224,752103
2024-09-26,90032,83139,188042,124316,-6940,626999
2024-09-27,85596,53734,134110,75520,-7706,610938
2024-09-30,98076,96666,93979,179814,-11544,601499
2024-10-01,86562,56624,190059,106455,-13302,667136
2024-10-03,68976,82667,188101,156465,-15969,401961
2024-10-04,88032,57024,108328,111605,-9917,412497
2024-10-07,104497,47201,192911,84955,-6615,656446
2024-10-08,61236,63573,92867,114049,-2471,675399
2024-10-09,84681,54933,139234,83917,-181,535639
2024-10-10,63606,67859,105851,140293,-3559,710991
2024-10-11,81746,73815,111279,148581,-4955,635889
2024-10-14,58073,45426,197431,134925,-3239,579075
2024-10-15,79261,52893,176063,177216,-6743,420389
2024-10-16,92075,72199,153402,140269,-4267,575595
2024-10-17,72154,61933,95449,100954,-4775,785946
2024-10-18,88908,82121,156221,166671,-5662,723720
2024-10-21,93018,75860,169080,142617,-3245,706063
2024-10-22,98110,84031,85451,111458,-1751,613175
2024-10-23,64480,77373,167178,159037,-2748,403358
2024-10-24,70832,62363,121316,91113,866,750679
2024-10-25,60040,76068,143064,169977,-2420,652557
2024-10-28,100076,54221,143761,160226,-452,607596
2024-10-29,97700,56666,185490,113939,1350,654488
2024-10-30,77352,79804,118870,99345,354,505982
2024-10-31,93416,63635,176566,116313,1314,628129
2024-11-01,78552,82424,110873,162365,-2505,667842
2024-11-04,81572,81514,138627,170598,392,728953
2024-11-05,54639,83061,146155,139166,-183,493079
2024-11-06,89504,87572,179186,117861,-1741,455805
2024-11-07,57880,63044,105372,167406,1494,562421
2024-11-08,91998,56638,83642,119298,-694,607849
2024-11-11,93987,73995,108001,117221,-4885,737177
2024-11-12,94748,67869,114064,114942,-9311,638483
2024-11-13,58837,77083,174826,73453,-7029,760383
2024-11-14,75677,85800,94122,172811,-10521,792551
2024-11-18,67886,79151,104820,124935,-4730,444041
2024-11-19,78747,69468,148431,113370,-10740,694098
2024-11-21,59496,53456,135745,173932,-5113,670146
2024-11-22,101074,65752,130081,78328,-4226,731927
2024-11-25,81991,51431,150902,85534,-4301,507524
2024-11-26,70995,90224,88711,155280,-5719,618306
2024-11-27,74085,61529,165132,154925,-4235,787001
2024-11-28,76496,51859,98793,106320,-4136,419738
2024-11-29,80651,41894,88199,119170,-622,672847
2024-12-02,76030,72538,156253,170546,-246,513776
2024-12-03,96186,72062,116191,150201,217,580494
2024-12-04,75731,57913,90211,173401,-883,592971
2024-12-05,100617,44595,191086,78640,-1009,706868
2024-12-06,92605,60516,143069,170252,-34,694443
2024-12-09,65589,60724,168896,161057,-5163,677785
2024-12-10,105480,82806,136746,100049,-8950,741678
2024-12-11,62091,76561,101542,75618,-6273,668449
2024-12-12,96319,63676,111312,172540,-5446,629334
2024-12-13,74757,56621,125242,126053,-5726,680926
2024-12-16,99282,94785,181971,71920,-5383,740401
2024-12-17,97475,66772,173783,113937,-4072,636371
2024-12-18,95786,79903,167893,139724,-5490,477963
2024-12-19,97052,54579,135388,82207,-7551,521987
2024-12-20,71821,70867,186581,135774,-6587,551638
2024-12-23,63241,50572,107691,102972,-9195,524591
2024-12-24,77659,72782,157960,80799,-7510,467766
2024-12-26,70918,100443,164388,141088,-12242,406511
2024-12-27,93290,67753,102601,98916,-8542,514816
2024-12-30,74002,48647,198307,140463,-6697,649432
